     shots,    errors,  discards, seconds,decoder,strong_id,json_metadata,custom_counts
      2321,         0,         0,   0.015,pymatching,263a3a23ec7b6f9103dda2839faf5fd9dcd8a2e474512996eec7184211a2e742,"{""d"":5,""eta"":1,""memory"":""X"",""p"":0,""params"":{""after_clifford1_depolarization"":0.0,""after_clifford2_depolarization"":0,""after_reset_flip_probability"":0,""before_measure_flip_probability"":0,""before_round_data_bias_probability"":[0.0,1],""distance"":5,""exclude_other_basis_detectors"":false,""nswaps"":[3,2],""pswap_depolarization"":0.0,""rounds"":15,""x_distance"":null,""z_distance"":null}}",
      1297,         0,         0,   0.015,pymatching,263a3a23ec7b6f9103dda2839faf5fd9dcd8a2e474512996eec7184211a2e742,"{""d"":5,""eta"":1,""memory"":""X"",""p"":0,""params"":{""after_clifford1_depolarization"":0.0,""after_clifford2_depolarization"":0,""after_reset_flip_probability"":0,""before_measure_flip_probability"":0,""before_round_data_bias_probability"":[0.0,1],""distance"":5,""exclude_other_basis_detectors"":false,""nswaps"":[3,2],""pswap_depolarization"":0.0,""rounds"":15,""x_distance"":null,""z_distance"":null}}",
      3345,         0,         0,   0.015,pymatching,263a3a23ec7b6f9103dda2839faf5fd9dcd8a2e474512996eec7184211a2e742,"{""d"":5,""eta"":1,""memory"":""X"",""p"":0,""params"":{""after_clifford1_depolarization"":0.0,""after_clifford2_depolarization"":0,""after_reset_flip_probability"":0,""before_measure_flip_probability"":0,""before_round_data_bias_probability"":[0.0,1],""distance"":5,""exclude_other_basis_detectors"":false,""nswaps"":[3,2],""pswap_depolarization"":0.0,""rounds"":15,""x_distance"":null,""z_distance"":null}}",
      2321,         0,         0,   0.015,pymatching,b992996d50a48e1480a96c1d21ded5c70f144f99b31b4fa270d2026c6aec19ad,"{""d"":5,""eta"":1,""memory"":""Z"",""p"":0,""params"":{""after_clifford1_depolarization"":0.0,""after_clifford2_depolarization"":0,""after_reset_flip_probability"":0,""before_measure_flip_probability"":0,""before_round_data_bias_probability"":[0.0,1],""distance"":5,""exclude_other_basis_detectors"":false,""nswaps"":[3,2],""pswap_depolarization"":0.0,""rounds"":15,""x_distance"":null,""z_distance"":null}}",
      3345,         0,         0,   0.015,pymatching,263a3a23ec7b6f9103dda2839faf5fd9dcd8a2e474512996eec7184211a2e742,"{""d"":5,""eta"":1,""memory"":""X"",""p"":0,""params"":{""after_clifford1_depolarization"":0.0,""after_clifford2_depolarization"":0,""after_reset_flip_probability"":0,""before_measure_flip_probability"":0,""before_round_data_bias_probability"":[0.0,1],""distance"":5,""exclude_other_basis_detectors"":false,""nswaps"":[3,2],""pswap_depolarization"":0.0,""rounds"":15,""x_distance"":null,""z_distance"":null}}",
      3345,         0,         0,   0.015,pymatching,b992996d50a48e1480a96c1d21ded5c70f144f99b31b4fa270d2026c6aec19ad,"{""d"":5,""eta"":1,""memory"":""Z"",""p"":0,""params"":{""after_clifford1_depolarization"":0.0,""after_clifford2_depolarization"":0,""after_reset_flip_probability"":0,""before_measure_flip_probability"":0,""before_round_data_bias_probability"":[0.0,1],""distance"":5,""exclude_other_basis_detectors"":false,""nswaps"":[3,2],""pswap_depolarization"":0.0,""rounds"":15,""x_distance"":null,""z_distance"":null}}",
      3345,         0,         0,   0.015,pymatching,b992996d50a48e1480a96c1d21ded5c70f144f99b31b4fa270d2026c6aec19ad,"{""d"":5,""eta"":1,""memory"":""Z"",""p"":0,""params"":{""after_clifford1_depolarization"":0.0,""after_clifford2_depolarization"":0,""after_reset_flip_probability"":0,""before_measure_flip_probability"":0,""before_round_data_bias_probability"":[0.0,1],""distance"":5,""exclude_other_basis_detectors"":false,""nswaps"":[3,2],""pswap_depolarization"":0.0,""rounds"":15,""x_distance"":null,""z_distance"":null}}",
     11264,         0,         0,   0.016,pymatching,263a3a23ec7b6f9103dda2839faf5fd9dcd8a2e474512996eec7184211a2e742,"{""d"":5,""eta"":1,""memory"":""X"",""p"":0,""params"":{""after_clifford1_depolarization"":0.0,""after_clifford2_depolarization"":0,""after_reset_flip_probability"":0,""before_measure_flip_probability"":0,""before_round_data_bias_probability"":[0.0,1],""distance"":5,""exclude_other_basis_detectors"":false,""nswaps"":[3,2],""pswap_depolarization"":0.0,""rounds"":15,""x_distance"":null,""z_distance"":null}}",
     11264,         0,         0,   0.016,pymatching,b992996d50a48e1480a96c1d21ded5c70f144f99b31b4fa270d2026c6aec19ad,"{""d"":5,""eta"":1,""memory"":""Z"",""p"":0,""params"":{""after_clifford1_depolarization"":0.0,""after_clifford2_depolarization"":0,""after_reset_flip_probability"":0,""before_measure_flip_probability"":0,""before_round_data_bias_probability"":[0.0,1],""distance"":5,""exclude_other_basis_detectors"":false,""nswaps"":[3,2],""pswap_depolarization"":0.0,""rounds"":15,""x_distance"":null,""z_distance"":null}}",
      8192,         0,         0,   0.016,pymatching,b992996d50a48e1480a96c1d21ded5c70f144f99b31b4fa270d2026c6aec19ad,"{""d"":5,""eta"":1,""memory"":""Z"",""p"":0,""params"":{""after_clifford1_depolarization"":0.0,""after_clifford2_depolarization"":0,""after_reset_flip_probability"":0,""before_measure_flip_probability"":0,""before_round_data_bias_probability"":[0.0,1],""distance"":5,""exclude_other_basis_detectors"":false,""nswaps"":[3,2],""pswap_depolarization"":0.0,""rounds"":15,""x_distance"":null,""z_distance"":null}}",
     11264,         0,         0,   0.016,pymatching,263a3a23ec7b6f9103dda2839faf5fd9dcd8a2e474512996eec7184211a2e742,"{""d"":5,""eta"":1,""memory"":""X"",""p"":0,""params"":{""after_clifford1_depolarization"":0.0,""after_clifford2_depolarization"":0,""after_reset_flip_probability"":0,""before_measure_flip_probability"":0,""before_round_data_bias_probability"":[0.0,1],""distance"":5,""exclude_other_basis_detectors"":false,""nswaps"":[3,2],""pswap_depolarization"":0.0,""rounds"":15,""x_distance"":null,""z_distance"":null}}",
     11264,         0,         0,   0.016,pymatching,b992996d50a48e1480a96c1d21ded5c70f144f99b31b4fa270d2026c6aec19ad,"{""d"":5,""eta"":1,""memory"":""Z"",""p"":0,""params"":{""after_clifford1_depolarization"":0.0,""after_clifford2_depolarization"":0,""after_reset_flip_probability"":0,""before_measure_flip_probability"":0,""before_round_data_bias_probability"":[0.0,1],""distance"":5,""exclude_other_basis_detectors"":false,""nswaps"":[3,2],""pswap_depolarization"":0.0,""rounds"":15,""x_distance"":null,""z_distance"":null}}",
     11264,         0,         0,   0.016,pymatching,263a3a23ec7b6f9103dda2839faf5fd9dcd8a2e474512996eec7184211a2e742,"{""d"":5,""eta"":1,""memory"":""X"",""p"":0,""params"":{""after_clifford1_depolarization"":0.0,""after_clifford2_depolarization"":0,""after_reset_flip_probability"":0,""before_measure_flip_probability"":0,""before_round_data_bias_probability"":[0.0,1],""distance"":5,""exclude_other_basis_detectors"":false,""nswaps"":[3,2],""pswap_depolarization"":0.0,""rounds"":15,""x_distance"":null,""z_distance"":null}}",
     11264,         0,         0,   0.016,pymatching,263a3a23ec7b6f9103dda2839faf5fd9dcd8a2e474512996eec7184211a2e742,"{""d"":5,""eta"":1,""memory"":""X"",""p"":0,""params"":{""after_clifford1_depolarization"":0.0,""after_clifford2_depolarization"":0,""after_reset_flip_probability"":0,""before_measure_flip_probability"":0,""before_round_data_bias_probability"":[0.0,1],""distance"":5,""exclude_other_basis_detectors"":false,""nswaps"":[3,2],""pswap_depolarization"":0.0,""rounds"":15,""x_distance"":null,""z_distance"":null}}",
     23552,         0,         0,   0.031,pymatching,b992996d50a48e1480a96c1d21ded5c70f144f99b31b4fa270d2026c6aec19ad,"{""d"":5,""eta"":1,""memory"":""Z"",""p"":0,""params"":{""after_clifford1_depolarization"":0.0,""after_clifford2_depolarization"":0,""after_reset_flip_probability"":0,""before_measure_flip_probability"":0,""before_round_data_bias_probability"":[0.0,1],""distance"":5,""exclude_other_basis_detectors"":false,""nswaps"":[3,2],""pswap_depolarization"":0.0,""rounds"":15,""x_distance"":null,""z_distance"":null}}",
     20480,         0,         0,   0.031,pymatching,b992996d50a48e1480a96c1d21ded5c70f144f99b31b4fa270d2026c6aec19ad,"{""d"":5,""eta"":1,""memory"":""Z"",""p"":0,""params"":{""after_clifford1_depolarization"":0.0,""after_clifford2_depolarization"":0,""after_reset_flip_probability"":0,""before_measure_flip_probability"":0,""before_round_data_bias_probability"":[0.0,1],""distance"":5,""exclude_other_basis_detectors"":false,""nswaps"":[3,2],""pswap_depolarization"":0.0,""rounds"":15,""x_distance"":null,""z_distance"":null}}",
     20480,         0,         0,   0.031,pymatching,263a3a23ec7b6f9103dda2839faf5fd9dcd8a2e474512996eec7184211a2e742,"{""d"":5,""eta"":1,""memory"":""X"",""p"":0,""params"":{""after_clifford1_depolarization"":0.0,""after_clifford2_depolarization"":0,""after_reset_flip_probability"":0,""before_measure_flip_probability"":0,""before_round_data_bias_probability"":[0.0,1],""distance"":5,""exclude_other_basis_detectors"":false,""nswaps"":[3,2],""pswap_depolarization"":0.0,""rounds"":15,""x_distance"":null,""z_distance"":null}}",
     22528,         0,         0,   0.015,pymatching,263a3a23ec7b6f9103dda2839faf5fd9dcd8a2e474512996eec7184211a2e742,"{""d"":5,""eta"":1,""memory"":""X"",""p"":0,""params"":{""after_clifford1_depolarization"":0.0,""after_clifford2_depolarization"":0,""after_reset_flip_probability"":0,""before_measure_flip_probability"":0,""before_round_data_bias_probability"":[0.0,1],""distance"":5,""exclude_other_basis_detectors"":false,""nswaps"":[3,2],""pswap_depolarization"":0.0,""rounds"":15,""x_distance"":null,""z_distance"":null}}",
     18432,         0,         0,   0.031,pymatching,263a3a23ec7b6f9103dda2839faf5fd9dcd8a2e474512996eec7184211a2e742,"{""d"":5,""eta"":1,""memory"":""X"",""p"":0,""params"":{""after_clifford1_depolarization"":0.0,""after_clifford2_depolarization"":0,""after_reset_flip_probability"":0,""before_measure_flip_probability"":0,""before_round_data_bias_probability"":[0.0,1],""distance"":5,""exclude_other_basis_detectors"":false,""nswaps"":[3,2],""pswap_depolarization"":0.0,""rounds"":15,""x_distance"":null,""z_distance"":null}}",
     21504,         0,         0,   0.031,pymatching,b992996d50a48e1480a96c1d21ded5c70f144f99b31b4fa270d2026c6aec19ad,"{""d"":5,""eta"":1,""memory"":""Z"",""p"":0,""params"":{""after_clifford1_depolarization"":0.0,""after_clifford2_depolarization"":0,""after_reset_flip_probability"":0,""before_measure_flip_probability"":0,""before_round_data_bias_probability"":[0.0,1],""distance"":5,""exclude_other_basis_detectors"":false,""nswaps"":[3,2],""pswap_depolarization"":0.0,""rounds"":15,""x_distance"":null,""z_distance"":null}}",
     22528,         0,         0,   0.031,pymatching,263a3a23ec7b6f9103dda2839faf5fd9dcd8a2e474512996eec7184211a2e742,"{""d"":5,""eta"":1,""memory"":""X"",""p"":0,""params"":{""after_clifford1_depolarization"":0.0,""after_clifford2_depolarization"":0,""after_reset_flip_probability"":0,""before_measure_flip_probability"":0,""before_round_data_bias_probability"":[0.0,1],""distance"":5,""exclude_other_basis_detectors"":false,""nswaps"":[3,2],""pswap_depolarization"":0.0,""rounds"":15,""x_distance"":null,""z_distance"":null}}",
     22528,         0,         0,   0.031,pymatching,263a3a23ec7b6f9103dda2839faf5fd9dcd8a2e474512996eec7184211a2e742,"{""d"":5,""eta"":1,""memory"":""X"",""p"":0,""params"":{""after_clifford1_depolarization"":0.0,""after_clifford2_depolarization"":0,""after_reset_flip_probability"":0,""before_measure_flip_probability"":0,""before_round_data_bias_probability"":[0.0,1],""distance"":5,""exclude_other_basis_detectors"":false,""nswaps"":[3,2],""pswap_depolarization"":0.0,""rounds"":15,""x_distance"":null,""z_distance"":null}}",
     27648,         0,         0,   0.031,pymatching,b992996d50a48e1480a96c1d21ded5c70f144f99b31b4fa270d2026c6aec19ad,"{""d"":5,""eta"":1,""memory"":""Z"",""p"":0,""params"":{""after_clifford1_depolarization"":0.0,""after_clifford2_depolarization"":0,""after_reset_flip_probability"":0,""before_measure_flip_probability"":0,""before_round_data_bias_probability"":[0.0,1],""distance"":5,""exclude_other_basis_detectors"":false,""nswaps"":[3,2],""pswap_depolarization"":0.0,""rounds"":15,""x_distance"":null,""z_distance"":null}}",
     25600,         0,         0,   0.031,pymatching,b992996d50a48e1480a96c1d21ded5c70f144f99b31b4fa270d2026c6aec19ad,"{""d"":5,""eta"":1,""memory"":""Z"",""p"":0,""params"":{""after_clifford1_depolarization"":0.0,""after_clifford2_depolarization"":0,""after_reset_flip_probability"":0,""before_measure_flip_probability"":0,""before_round_data_bias_probability"":[0.0,1],""distance"":5,""exclude_other_basis_detectors"":false,""nswaps"":[3,2],""pswap_depolarization"":0.0,""rounds"":15,""x_distance"":null,""z_distance"":null}}",
     24576,         0,         0,   0.031,pymatching,263a3a23ec7b6f9103dda2839faf5fd9dcd8a2e474512996eec7184211a2e742,"{""d"":5,""eta"":1,""memory"":""X"",""p"":0,""params"":{""after_clifford1_depolarization"":0.0,""after_clifford2_depolarization"":0,""after_reset_flip_probability"":0,""before_measure_flip_probability"":0,""before_round_data_bias_probability"":[0.0,1],""distance"":5,""exclude_other_basis_detectors"":false,""nswaps"":[3,2],""pswap_depolarization"":0.0,""rounds"":15,""x_distance"":null,""z_distance"":null}}",
     24576,         0,         0,   0.016,pymatching,263a3a23ec7b6f9103dda2839faf5fd9dcd8a2e474512996eec7184211a2e742,"{""d"":5,""eta"":1,""memory"":""X"",""p"":0,""params"":{""after_clifford1_depolarization"":0.0,""after_clifford2_depolarization"":0,""after_reset_flip_probability"":0,""before_measure_flip_probability"":0,""before_round_data_bias_probability"":[0.0,1],""distance"":5,""exclude_other_basis_detectors"":false,""nswaps"":[3,2],""pswap_depolarization"":0.0,""rounds"":15,""x_distance"":null,""z_distance"":null}}",
     23552,         0,         0,   0.031,pymatching,263a3a23ec7b6f9103dda2839faf5fd9dcd8a2e474512996eec7184211a2e742,"{""d"":5,""eta"":1,""memory"":""X"",""p"":0,""params"":{""after_clifford1_depolarization"":0.0,""after_clifford2_depolarization"":0,""after_reset_flip_probability"":0,""before_measure_flip_probability"":0,""before_round_data_bias_probability"":[0.0,1],""distance"":5,""exclude_other_basis_detectors"":false,""nswaps"":[3,2],""pswap_depolarization"":0.0,""rounds"":15,""x_distance"":null,""z_distance"":null}}",
     21504,         0,         0,   0.031,pymatching,b992996d50a48e1480a96c1d21ded5c70f144f99b31b4fa270d2026c6aec19ad,"{""d"":5,""eta"":1,""memory"":""Z"",""p"":0,""params"":{""after_clifford1_depolarization"":0.0,""after_clifford2_depolarization"":0,""after_reset_flip_probability"":0,""before_measure_flip_probability"":0,""before_round_data_bias_probability"":[0.0,1],""distance"":5,""exclude_other_basis_detectors"":false,""nswaps"":[3,2],""pswap_depolarization"":0.0,""rounds"":15,""x_distance"":null,""z_distance"":null}}",
     22528,         0,         0,   0.047,pymatching,263a3a23ec7b6f9103dda2839faf5fd9dcd8a2e474512996eec7184211a2e742,"{""d"":5,""eta"":1,""memory"":""X"",""p"":0,""params"":{""after_clifford1_depolarization"":0.0,""after_clifford2_depolarization"":0,""after_reset_flip_probability"":0,""before_measure_flip_probability"":0,""before_round_data_bias_probability"":[0.0,1],""distance"":5,""exclude_other_basis_detectors"":false,""nswaps"":[3,2],""pswap_depolarization"":0.0,""rounds"":15,""x_distance"":null,""z_distance"":null}}",
     25600,         0,         0,   0.047,pymatching,b992996d50a48e1480a96c1d21ded5c70f144f99b31b4fa270d2026c6aec19ad,"{""d"":5,""eta"":1,""memory"":""Z"",""p"":0,""params"":{""after_clifford1_depolarization"":0.0,""after_clifford2_depolarization"":0,""after_reset_flip_probability"":0,""before_measure_flip_probability"":0,""before_round_data_bias_probability"":[0.0,1],""distance"":5,""exclude_other_basis_detectors"":false,""nswaps"":[3,2],""pswap_depolarization"":0.0,""rounds"":15,""x_distance"":null,""z_distance"":null}}",
     26624,         0,         0,   0.047,pymatching,263a3a23ec7b6f9103dda2839faf5fd9dcd8a2e474512996eec7184211a2e742,"{""d"":5,""eta"":1,""memory"":""X"",""p"":0,""params"":{""after_clifford1_depolarization"":0.0,""after_clifford2_depolarization"":0,""after_reset_flip_probability"":0,""before_measure_flip_probability"":0,""before_round_data_bias_probability"":[0.0,1],""distance"":5,""exclude_other_basis_detectors"":false,""nswaps"":[3,2],""pswap_depolarization"":0.0,""rounds"":15,""x_distance"":null,""z_distance"":null}}",
     20480,         0,         0,   0.031,pymatching,b992996d50a48e1480a96c1d21ded5c70f144f99b31b4fa270d2026c6aec19ad,"{""d"":5,""eta"":1,""memory"":""Z"",""p"":0,""params"":{""after_clifford1_depolarization"":0.0,""after_clifford2_depolarization"":0,""after_reset_flip_probability"":0,""before_measure_flip_probability"":0,""before_round_data_bias_probability"":[0.0,1],""distance"":5,""exclude_other_basis_detectors"":false,""nswaps"":[3,2],""pswap_depolarization"":0.0,""rounds"":15,""x_distance"":null,""z_distance"":null}}",
     22528,         0,         0,   0.031,pymatching,263a3a23ec7b6f9103dda2839faf5fd9dcd8a2e474512996eec7184211a2e742,"{""d"":5,""eta"":1,""memory"":""X"",""p"":0,""params"":{""after_clifford1_depolarization"":0.0,""after_clifford2_depolarization"":0,""after_reset_flip_probability"":0,""before_measure_flip_probability"":0,""before_round_data_bias_probability"":[0.0,1],""distance"":5,""exclude_other_basis_detectors"":false,""nswaps"":[3,2],""pswap_depolarization"":0.0,""rounds"":15,""x_distance"":null,""z_distance"":null}}",
     22528,         0,         0,   0.047,pymatching,263a3a23ec7b6f9103dda2839faf5fd9dcd8a2e474512996eec7184211a2e742,"{""d"":5,""eta"":1,""memory"":""X"",""p"":0,""params"":{""after_clifford1_depolarization"":0.0,""after_clifford2_depolarization"":0,""after_reset_flip_probability"":0,""before_measure_flip_probability"":0,""before_round_data_bias_probability"":[0.0,1],""distance"":5,""exclude_other_basis_detectors"":false,""nswaps"":[3,2],""pswap_depolarization"":0.0,""rounds"":15,""x_distance"":null,""z_distance"":null}}",
     26624,         0,         0,   0.047,pymatching,b992996d50a48e1480a96c1d21ded5c70f144f99b31b4fa270d2026c6aec19ad,"{""d"":5,""eta"":1,""memory"":""Z"",""p"":0,""params"":{""after_clifford1_depolarization"":0.0,""after_clifford2_depolarization"":0,""after_reset_flip_probability"":0,""before_measure_flip_probability"":0,""before_round_data_bias_probability"":[0.0,1],""distance"":5,""exclude_other_basis_detectors"":false,""nswaps"":[3,2],""pswap_depolarization"":0.0,""rounds"":15,""x_distance"":null,""z_distance"":null}}",
     36864,         0,         0,   0.063,pymatching,b992996d50a48e1480a96c1d21ded5c70f144f99b31b4fa270d2026c6aec19ad,"{""d"":5,""eta"":1,""memory"":""Z"",""p"":0,""params"":{""after_clifford1_depolarization"":0.0,""after_clifford2_depolarization"":0,""after_reset_flip_probability"":0,""before_measure_flip_probability"":0,""before_round_data_bias_probability"":[0.0,1],""distance"":5,""exclude_other_basis_detectors"":false,""nswaps"":[3,2],""pswap_depolarization"":0.0,""rounds"":15,""x_distance"":null,""z_distance"":null}}",
     30720,         0,         0,   0.063,pymatching,b992996d50a48e1480a96c1d21ded5c70f144f99b31b4fa270d2026c6aec19ad,"{""d"":5,""eta"":1,""memory"":""Z"",""p"":0,""params"":{""after_clifford1_depolarization"":0.0,""after_clifford2_depolarization"":0,""after_reset_flip_probability"":0,""before_measure_flip_probability"":0,""before_round_data_bias_probability"":[0.0,1],""distance"":5,""exclude_other_basis_detectors"":false,""nswaps"":[3,2],""pswap_depolarization"":0.0,""rounds"":15,""x_distance"":null,""z_distance"":null}}",
     39936,         0,         0,   0.063,pymatching,263a3a23ec7b6f9103dda2839faf5fd9dcd8a2e474512996eec7184211a2e742,"{""d"":5,""eta"":1,""memory"":""X"",""p"":0,""params"":{""after_clifford1_depolarization"":0.0,""after_clifford2_depolarization"":0,""after_reset_flip_probability"":0,""before_measure_flip_probability"":0,""before_round_data_bias_probability"":[0.0,1],""distance"":5,""exclude_other_basis_detectors"":false,""nswaps"":[3,2],""pswap_depolarization"":0.0,""rounds"":15,""x_distance"":null,""z_distance"":null}}",
     43008,         0,         0,   0.063,pymatching,263a3a23ec7b6f9103dda2839faf5fd9dcd8a2e474512996eec7184211a2e742,"{""d"":5,""eta"":1,""memory"":""X"",""p"":0,""params"":{""after_clifford1_depolarization"":0.0,""after_clifford2_depolarization"":0,""after_reset_flip_probability"":0,""before_measure_flip_probability"":0,""before_round_data_bias_probability"":[0.0,1],""distance"":5,""exclude_other_basis_detectors"":false,""nswaps"":[3,2],""pswap_depolarization"":0.0,""rounds"":15,""x_distance"":null,""z_distance"":null}}",
     40960,         0,         0,   0.063,pymatching,263a3a23ec7b6f9103dda2839faf5fd9dcd8a2e474512996eec7184211a2e742,"{""d"":5,""eta"":1,""memory"":""X"",""p"":0,""params"":{""after_clifford1_depolarization"":0.0,""after_clifford2_depolarization"":0,""after_reset_flip_probability"":0,""before_measure_flip_probability"":0,""before_round_data_bias_probability"":[0.0,1],""distance"":5,""exclude_other_basis_detectors"":false,""nswaps"":[3,2],""pswap_depolarization"":0.0,""rounds"":15,""x_distance"":null,""z_distance"":null}}",
     40960,         0,         0,   0.047,pymatching,263a3a23ec7b6f9103dda2839faf5fd9dcd8a2e474512996eec7184211a2e742,"{""d"":5,""eta"":1,""memory"":""X"",""p"":0,""params"":{""after_clifford1_depolarization"":0.0,""after_clifford2_depolarization"":0,""after_reset_flip_probability"":0,""before_measure_flip_probability"":0,""before_round_data_bias_probability"":[0.0,1],""distance"":5,""exclude_other_basis_detectors"":false,""nswaps"":[3,2],""pswap_depolarization"":0.0,""rounds"":15,""x_distance"":null,""z_distance"":null}}",
     39936,         0,         0,   0.063,pymatching,b992996d50a48e1480a96c1d21ded5c70f144f99b31b4fa270d2026c6aec19ad,"{""d"":5,""eta"":1,""memory"":""Z"",""p"":0,""params"":{""after_clifford1_depolarization"":0.0,""after_clifford2_depolarization"":0,""after_reset_flip_probability"":0,""before_measure_flip_probability"":0,""before_round_data_bias_probability"":[0.0,1],""distance"":5,""exclude_other_basis_detectors"":false,""nswaps"":[3,2],""pswap_depolarization"":0.0,""rounds"":15,""x_distance"":null,""z_distance"":null}}",
     41984,         0,         0,   0.078,pymatching,263a3a23ec7b6f9103dda2839faf5fd9dcd8a2e474512996eec7184211a2e742,"{""d"":5,""eta"":1,""memory"":""X"",""p"":0,""params"":{""after_clifford1_depolarization"":0.0,""after_clifford2_depolarization"":0,""after_reset_flip_probability"":0,""before_measure_flip_probability"":0,""before_round_data_bias_probability"":[0.0,1],""distance"":5,""exclude_other_basis_detectors"":false,""nswaps"":[3,2],""pswap_depolarization"":0.0,""rounds"":15,""x_distance"":null,""z_distance"":null}}",
     37888,         0,         0,   0.078,pymatching,b992996d50a48e1480a96c1d21ded5c70f144f99b31b4fa270d2026c6aec19ad,"{""d"":5,""eta"":1,""memory"":""Z"",""p"":0,""params"":{""after_clifford1_depolarization"":0.0,""after_clifford2_depolarization"":0,""after_reset_flip_probability"":0,""before_measure_flip_probability"":0,""before_round_data_bias_probability"":[0.0,1],""distance"":5,""exclude_other_basis_detectors"":false,""nswaps"":[3,2],""pswap_depolarization"":0.0,""rounds"":15,""x_distance"":null,""z_distance"":null}}",
     49152,         0,         0,   0.063,pymatching,263a3a23ec7b6f9103dda2839faf5fd9dcd8a2e474512996eec7184211a2e742,"{""d"":5,""eta"":1,""memory"":""X"",""p"":0,""params"":{""after_clifford1_depolarization"":0.0,""after_clifford2_depolarization"":0,""after_reset_flip_probability"":0,""before_measure_flip_probability"":0,""before_round_data_bias_probability"":[0.0,1],""distance"":5,""exclude_other_basis_detectors"":false,""nswaps"":[3,2],""pswap_depolarization"":0.0,""rounds"":15,""x_distance"":null,""z_distance"":null}}",
     38912,         0,         0,   0.078,pymatching,263a3a23ec7b6f9103dda2839faf5fd9dcd8a2e474512996eec7184211a2e742,"{""d"":5,""eta"":1,""memory"":""X"",""p"":0,""params"":{""after_clifford1_depolarization"":0.0,""after_clifford2_depolarization"":0,""after_reset_flip_probability"":0,""before_measure_flip_probability"":0,""before_round_data_bias_probability"":[0.0,1],""distance"":5,""exclude_other_basis_detectors"":false,""nswaps"":[3,2],""pswap_depolarization"":0.0,""rounds"":15,""x_distance"":null,""z_distance"":null}}",
     43008,         0,         0,   0.047,pymatching,b992996d50a48e1480a96c1d21ded5c70f144f99b31b4fa270d2026c6aec19ad,"{""d"":5,""eta"":1,""memory"":""Z"",""p"":0,""params"":{""after_clifford1_depolarization"":0.0,""after_clifford2_depolarization"":0,""after_reset_flip_probability"":0,""before_measure_flip_probability"":0,""before_round_data_bias_probability"":[0.0,1],""distance"":5,""exclude_other_basis_detectors"":false,""nswaps"":[3,2],""pswap_depolarization"":0.0,""rounds"":15,""x_distance"":null,""z_distance"":null}}",
     46080,         0,         0,   0.063,pymatching,b992996d50a48e1480a96c1d21ded5c70f144f99b31b4fa270d2026c6aec19ad,"{""d"":5,""eta"":1,""memory"":""Z"",""p"":0,""params"":{""after_clifford1_depolarization"":0.0,""after_clifford2_depolarization"":0,""after_reset_flip_probability"":0,""before_measure_flip_probability"":0,""before_round_data_bias_probability"":[0.0,1],""distance"":5,""exclude_other_basis_detectors"":false,""nswaps"":[3,2],""pswap_depolarization"":0.0,""rounds"":15,""x_distance"":null,""z_distance"":null}}",
     41984,         0,         0,   0.078,pymatching,263a3a23ec7b6f9103dda2839faf5fd9dcd8a2e474512996eec7184211a2e742,"{""d"":5,""eta"":1,""memory"":""X"",""p"":0,""params"":{""after_clifford1_depolarization"":0.0,""after_clifford2_depolarization"":0,""after_reset_flip_probability"":0,""before_measure_flip_probability"":0,""before_round_data_bias_probability"":[0.0,1],""distance"":5,""exclude_other_basis_detectors"":false,""nswaps"":[3,2],""pswap_depolarization"":0.0,""rounds"":15,""x_distance"":null,""z_distance"":null}}",
     84992,         0,         0,   0.109,pymatching,263a3a23ec7b6f9103dda2839faf5fd9dcd8a2e474512996eec7184211a2e742,"{""d"":5,""eta"":1,""memory"":""X"",""p"":0,""params"":{""after_clifford1_depolarization"":0.0,""after_clifford2_depolarization"":0,""after_reset_flip_probability"":0,""before_measure_flip_probability"":0,""before_round_data_bias_probability"":[0.0,1],""distance"":5,""exclude_other_basis_detectors"":false,""nswaps"":[3,2],""pswap_depolarization"":0.0,""rounds"":15,""x_distance"":null,""z_distance"":null}}",
     83968,         0,         0,   0.109,pymatching,263a3a23ec7b6f9103dda2839faf5fd9dcd8a2e474512996eec7184211a2e742,"{""d"":5,""eta"":1,""memory"":""X"",""p"":0,""params"":{""after_clifford1_depolarization"":0.0,""after_clifford2_depolarization"":0,""after_reset_flip_probability"":0,""before_measure_flip_probability"":0,""before_round_data_bias_probability"":[0.0,1],""distance"":5,""exclude_other_basis_detectors"":false,""nswaps"":[3,2],""pswap_depolarization"":0.0,""rounds"":15,""x_distance"":null,""z_distance"":null}}",
     78848,         0,         0,   0.093,pymatching,b992996d50a48e1480a96c1d21ded5c70f144f99b31b4fa270d2026c6aec19ad,"{""d"":5,""eta"":1,""memory"":""Z"",""p"":0,""params"":{""after_clifford1_depolarization"":0.0,""after_clifford2_depolarization"":0,""after_reset_flip_probability"":0,""before_measure_flip_probability"":0,""before_round_data_bias_probability"":[0.0,1],""distance"":5,""exclude_other_basis_detectors"":false,""nswaps"":[3,2],""pswap_depolarization"":0.0,""rounds"":15,""x_distance"":null,""z_distance"":null}}",
     82944,         0,         0,   0.109,pymatching,263a3a23ec7b6f9103dda2839faf5fd9dcd8a2e474512996eec7184211a2e742,"{""d"":5,""eta"":1,""memory"":""X"",""p"":0,""params"":{""after_clifford1_depolarization"":0.0,""after_clifford2_depolarization"":0,""after_reset_flip_probability"":0,""before_measure_flip_probability"":0,""before_round_data_bias_probability"":[0.0,1],""distance"":5,""exclude_other_basis_detectors"":false,""nswaps"":[3,2],""pswap_depolarization"":0.0,""rounds"":15,""x_distance"":null,""z_distance"":null}}",
     80896,         0,         0,   0.094,pymatching,b992996d50a48e1480a96c1d21ded5c70f144f99b31b4fa270d2026c6aec19ad,"{""d"":5,""eta"":1,""memory"":""Z"",""p"":0,""params"":{""after_clifford1_depolarization"":0.0,""after_clifford2_depolarization"":0,""after_reset_flip_probability"":0,""before_measure_flip_probability"":0,""before_round_data_bias_probability"":[0.0,1],""distance"":5,""exclude_other_basis_detectors"":false,""nswaps"":[3,2],""pswap_depolarization"":0.0,""rounds"":15,""x_distance"":null,""z_distance"":null}}",
     76800,         0,         0,   0.109,pymatching,263a3a23ec7b6f9103dda2839faf5fd9dcd8a2e474512996eec7184211a2e742,"{""d"":5,""eta"":1,""memory"":""X"",""p"":0,""params"":{""after_clifford1_depolarization"":0.0,""after_clifford2_depolarization"":0,""after_reset_flip_probability"":0,""before_measure_flip_probability"":0,""before_round_data_bias_probability"":[0.0,1],""distance"":5,""exclude_other_basis_detectors"":false,""nswaps"":[3,2],""pswap_depolarization"":0.0,""rounds"":15,""x_distance"":null,""z_distance"":null}}",
     84992,         0,         0,   0.093,pymatching,b992996d50a48e1480a96c1d21ded5c70f144f99b31b4fa270d2026c6aec19ad,"{""d"":5,""eta"":1,""memory"":""Z"",""p"":0,""params"":{""after_clifford1_depolarization"":0.0,""after_clifford2_depolarization"":0,""after_reset_flip_probability"":0,""before_measure_flip_probability"":0,""before_round_data_bias_probability"":[0.0,1],""distance"":5,""exclude_other_basis_detectors"":false,""nswaps"":[3,2],""pswap_depolarization"":0.0,""rounds"":15,""x_distance"":null,""z_distance"":null}}",
    115712,         0,         0,   0.141,pymatching,b992996d50a48e1480a96c1d21ded5c70f144f99b31b4fa270d2026c6aec19ad,"{""d"":5,""eta"":1,""memory"":""Z"",""p"":0,""params"":{""after_clifford1_depolarization"":0.0,""after_clifford2_depolarization"":0,""after_reset_flip_probability"":0,""before_measure_flip_probability"":0,""before_round_data_bias_probability"":[0.0,1],""distance"":5,""exclude_other_basis_detectors"":false,""nswaps"":[3,2],""pswap_depolarization"":0.0,""rounds"":15,""x_distance"":null,""z_distance"":null}}",
    128000,         0,         0,   0.141,pymatching,b992996d50a48e1480a96c1d21ded5c70f144f99b31b4fa270d2026c6aec19ad,"{""d"":5,""eta"":1,""memory"":""Z"",""p"":0,""params"":{""after_clifford1_depolarization"":0.0,""after_clifford2_depolarization"":0,""after_reset_flip_probability"":0,""before_measure_flip_probability"":0,""before_round_data_bias_probability"":[0.0,1],""distance"":5,""exclude_other_basis_detectors"":false,""nswaps"":[3,2],""pswap_depolarization"":0.0,""rounds"":15,""x_distance"":null,""z_distance"":null}}",
    121856,         0,         0,   0.157,pymatching,263a3a23ec7b6f9103dda2839faf5fd9dcd8a2e474512996eec7184211a2e742,"{""d"":5,""eta"":1,""memory"":""X"",""p"":0,""params"":{""after_clifford1_depolarization"":0.0,""after_clifford2_depolarization"":0,""after_reset_flip_probability"":0,""before_measure_flip_probability"":0,""before_round_data_bias_probability"":[0.0,1],""distance"":5,""exclude_other_basis_detectors"":false,""nswaps"":[3,2],""pswap_depolarization"":0.0,""rounds"":15,""x_distance"":null,""z_distance"":null}}",
    115712,         0,         0,   0.157,pymatching,263a3a23ec7b6f9103dda2839faf5fd9dcd8a2e474512996eec7184211a2e742,"{""d"":5,""eta"":1,""memory"":""X"",""p"":0,""params"":{""after_clifford1_depolarization"":0.0,""after_clifford2_depolarization"":0,""after_reset_flip_probability"":0,""before_measure_flip_probability"":0,""before_round_data_bias_probability"":[0.0,1],""distance"":5,""exclude_other_basis_detectors"":false,""nswaps"":[3,2],""pswap_depolarization"":0.0,""rounds"":15,""x_distance"":null,""z_distance"":null}}",
    130048,         0,         0,   0.125,pymatching,263a3a23ec7b6f9103dda2839faf5fd9dcd8a2e474512996eec7184211a2e742,"{""d"":5,""eta"":1,""memory"":""X"",""p"":0,""params"":{""after_clifford1_depolarization"":0.0,""after_clifford2_depolarization"":0,""after_reset_flip_probability"":0,""before_measure_flip_probability"":0,""before_round_data_bias_probability"":[0.0,1],""distance"":5,""exclude_other_basis_detectors"":false,""nswaps"":[3,2],""pswap_depolarization"":0.0,""rounds"":15,""x_distance"":null,""z_distance"":null}}",
    117760,         0,         0,   0.125,pymatching,b992996d50a48e1480a96c1d21ded5c70f144f99b31b4fa270d2026c6aec19ad,"{""d"":5,""eta"":1,""memory"":""Z"",""p"":0,""params"":{""after_clifford1_depolarization"":0.0,""after_clifford2_depolarization"":0,""after_reset_flip_probability"":0,""before_measure_flip_probability"":0,""before_round_data_bias_probability"":[0.0,1],""distance"":5,""exclude_other_basis_detectors"":false,""nswaps"":[3,2],""pswap_depolarization"":0.0,""rounds"":15,""x_distance"":null,""z_distance"":null}}",
    143360,         0,         0,   0.125,pymatching,263a3a23ec7b6f9103dda2839faf5fd9dcd8a2e474512996eec7184211a2e742,"{""d"":5,""eta"":1,""memory"":""X"",""p"":0,""params"":{""after_clifford1_depolarization"":0.0,""after_clifford2_depolarization"":0,""after_reset_flip_probability"":0,""before_measure_flip_probability"":0,""before_round_data_bias_probability"":[0.0,1],""distance"":5,""exclude_other_basis_detectors"":false,""nswaps"":[3,2],""pswap_depolarization"":0.0,""rounds"":15,""x_distance"":null,""z_distance"":null}}",
    104463,         0,         0,   0.109,pymatching,263a3a23ec7b6f9103dda2839faf5fd9dcd8a2e474512996eec7184211a2e742,"{""d"":5,""eta"":1,""memory"":""X"",""p"":0,""params"":{""after_clifford1_depolarization"":0.0,""after_clifford2_depolarization"":0,""after_reset_flip_probability"":0,""before_measure_flip_probability"":0,""before_round_data_bias_probability"":[0.0,1],""distance"":5,""exclude_other_basis_detectors"":false,""nswaps"":[3,2],""pswap_depolarization"":0.0,""rounds"":15,""x_distance"":null,""z_distance"":null}}",
    109568,         0,         0,   0.109,pymatching,263a3a23ec7b6f9103dda2839faf5fd9dcd8a2e474512996eec7184211a2e742,"{""d"":5,""eta"":1,""memory"":""X"",""p"":0,""params"":{""after_clifford1_depolarization"":0.0,""after_clifford2_depolarization"":0,""after_reset_flip_probability"":0,""before_measure_flip_probability"":0,""before_round_data_bias_probability"":[0.0,1],""distance"":5,""exclude_other_basis_detectors"":false,""nswaps"":[3,2],""pswap_depolarization"":0.0,""rounds"":15,""x_distance"":null,""z_distance"":null}}",
    101376,         0,         0,   0.109,pymatching,263a3a23ec7b6f9103dda2839faf5fd9dcd8a2e474512996eec7184211a2e742,"{""d"":5,""eta"":1,""memory"":""X"",""p"":0,""params"":{""after_clifford1_depolarization"":0.0,""after_clifford2_depolarization"":0,""after_reset_flip_probability"":0,""before_measure_flip_probability"":0,""before_round_data_bias_probability"":[0.0,1],""distance"":5,""exclude_other_basis_detectors"":false,""nswaps"":[3,2],""pswap_depolarization"":0.0,""rounds"":15,""x_distance"":null,""z_distance"":null}}",
    116736,         0,         0,   0.109,pymatching,263a3a23ec7b6f9103dda2839faf5fd9dcd8a2e474512996eec7184211a2e742,"{""d"":5,""eta"":1,""memory"":""X"",""p"":0,""params"":{""after_clifford1_depolarization"":0.0,""after_clifford2_depolarization"":0,""after_reset_flip_probability"":0,""before_measure_flip_probability"":0,""before_round_data_bias_probability"":[0.0,1],""distance"":5,""exclude_other_basis_detectors"":false,""nswaps"":[3,2],""pswap_depolarization"":0.0,""rounds"":15,""x_distance"":null,""z_distance"":null}}",
     15628,         0,         0,   0.015,pymatching,263a3a23ec7b6f9103dda2839faf5fd9dcd8a2e474512996eec7184211a2e742,"{""d"":5,""eta"":1,""memory"":""X"",""p"":0,""params"":{""after_clifford1_depolarization"":0.0,""after_clifford2_depolarization"":0,""after_reset_flip_probability"":0,""before_measure_flip_probability"":0,""before_round_data_bias_probability"":[0.0,1],""distance"":5,""exclude_other_basis_detectors"":false,""nswaps"":[3,2],""pswap_depolarization"":0.0,""rounds"":15,""x_distance"":null,""z_distance"":null}}",
     15628,         0,         0,   0.015,pymatching,263a3a23ec7b6f9103dda2839faf5fd9dcd8a2e474512996eec7184211a2e742,"{""d"":5,""eta"":1,""memory"":""X"",""p"":0,""params"":{""after_clifford1_depolarization"":0.0,""after_clifford2_depolarization"":0,""after_reset_flip_probability"":0,""before_measure_flip_probability"":0,""before_round_data_bias_probability"":[0.0,1],""distance"":5,""exclude_other_basis_detectors"":false,""nswaps"":[3,2],""pswap_depolarization"":0.0,""rounds"":15,""x_distance"":null,""z_distance"":null}}",
     14336,         0,         0,   0.015,pymatching,263a3a23ec7b6f9103dda2839faf5fd9dcd8a2e474512996eec7184211a2e742,"{""d"":5,""eta"":1,""memory"":""X"",""p"":0,""params"":{""after_clifford1_depolarization"":0.0,""after_clifford2_depolarization"":0,""after_reset_flip_probability"":0,""before_measure_flip_probability"":0,""before_round_data_bias_probability"":[0.0,1],""distance"":5,""exclude_other_basis_detectors"":false,""nswaps"":[3,2],""pswap_depolarization"":0.0,""rounds"":15,""x_distance"":null,""z_distance"":null}}",
     15360,         0,         0,   0.015,pymatching,263a3a23ec7b6f9103dda2839faf5fd9dcd8a2e474512996eec7184211a2e742,"{""d"":5,""eta"":1,""memory"":""X"",""p"":0,""params"":{""after_clifford1_depolarization"":0.0,""after_clifford2_depolarization"":0,""after_reset_flip_probability"":0,""before_measure_flip_probability"":0,""before_round_data_bias_probability"":[0.0,1],""distance"":5,""exclude_other_basis_detectors"":false,""nswaps"":[3,2],""pswap_depolarization"":0.0,""rounds"":15,""x_distance"":null,""z_distance"":null}}",
       390,         0,         0,   0.000,pymatching,263a3a23ec7b6f9103dda2839faf5fd9dcd8a2e474512996eec7184211a2e742,"{""d"":5,""eta"":1,""memory"":""X"",""p"":0,""params"":{""after_clifford1_depolarization"":0.0,""after_clifford2_depolarization"":0,""after_reset_flip_probability"":0,""before_measure_flip_probability"":0,""before_round_data_bias_probability"":[0.0,1],""distance"":5,""exclude_other_basis_detectors"":false,""nswaps"":[3,2],""pswap_depolarization"":0.0,""rounds"":15,""x_distance"":null,""z_distance"":null}}",
       390,         0,         0,   0.000,pymatching,263a3a23ec7b6f9103dda2839faf5fd9dcd8a2e474512996eec7184211a2e742,"{""d"":5,""eta"":1,""memory"":""X"",""p"":0,""params"":{""after_clifford1_depolarization"":0.0,""after_clifford2_depolarization"":0,""after_reset_flip_probability"":0,""before_measure_flip_probability"":0,""before_round_data_bias_probability"":[0.0,1],""distance"":5,""exclude_other_basis_detectors"":false,""nswaps"":[3,2],""pswap_depolarization"":0.0,""rounds"":15,""x_distance"":null,""z_distance"":null}}",
       292,         0,         0,   0.000,pymatching,263a3a23ec7b6f9103dda2839faf5fd9dcd8a2e474512996eec7184211a2e742,"{""d"":5,""eta"":1,""memory"":""X"",""p"":0,""params"":{""after_clifford1_depolarization"":0.0,""after_clifford2_depolarization"":0,""after_reset_flip_probability"":0,""before_measure_flip_probability"":0,""before_round_data_bias_probability"":[0.0,1],""distance"":5,""exclude_other_basis_detectors"":false,""nswaps"":[3,2],""pswap_depolarization"":0.0,""rounds"":15,""x_distance"":null,""z_distance"":null}}",
       292,         0,         0,   0.000,pymatching,263a3a23ec7b6f9103dda2839faf5fd9dcd8a2e474512996eec7184211a2e742,"{""d"":5,""eta"":1,""memory"":""X"",""p"":0,""params"":{""after_clifford1_depolarization"":0.0,""after_clifford2_depolarization"":0,""after_reset_flip_probability"":0,""before_measure_flip_probability"":0,""before_round_data_bias_probability"":[0.0,1],""distance"":5,""exclude_other_basis_detectors"":false,""nswaps"":[3,2],""pswap_depolarization"":0.0,""rounds"":15,""x_distance"":null,""z_distance"":null}}",
        49,         0,         0,   0.000,pymatching,263a3a23ec7b6f9103dda2839faf5fd9dcd8a2e474512996eec7184211a2e742,"{""d"":5,""eta"":1,""memory"":""X"",""p"":0,""params"":{""after_clifford1_depolarization"":0.0,""after_clifford2_depolarization"":0,""after_reset_flip_probability"":0,""before_measure_flip_probability"":0,""before_round_data_bias_probability"":[0.0,1],""distance"":5,""exclude_other_basis_detectors"":false,""nswaps"":[3,2],""pswap_depolarization"":0.0,""rounds"":15,""x_distance"":null,""z_distance"":null}}",
        46,         0,         0,   0.000,pymatching,263a3a23ec7b6f9103dda2839faf5fd9dcd8a2e474512996eec7184211a2e742,"{""d"":5,""eta"":1,""memory"":""X"",""p"":0,""params"":{""after_clifford1_depolarization"":0.0,""after_clifford2_depolarization"":0,""after_reset_flip_probability"":0,""before_measure_flip_probability"":0,""before_round_data_bias_probability"":[0.0,1],""distance"":5,""exclude_other_basis_detectors"":false,""nswaps"":[3,2],""pswap_depolarization"":0.0,""rounds"":15,""x_distance"":null,""z_distance"":null}}",
        49,         0,         0,   0.000,pymatching,263a3a23ec7b6f9103dda2839faf5fd9dcd8a2e474512996eec7184211a2e742,"{""d"":5,""eta"":1,""memory"":""X"",""p"":0,""params"":{""after_clifford1_depolarization"":0.0,""after_clifford2_depolarization"":0,""after_reset_flip_probability"":0,""before_measure_flip_probability"":0,""before_round_data_bias_probability"":[0.0,1],""distance"":5,""exclude_other_basis_detectors"":false,""nswaps"":[3,2],""pswap_depolarization"":0.0,""rounds"":15,""x_distance"":null,""z_distance"":null}}",
        13,         0,         0,   0.000,pymatching,263a3a23ec7b6f9103dda2839faf5fd9dcd8a2e474512996eec7184211a2e742,"{""d"":5,""eta"":1,""memory"":""X"",""p"":0,""params"":{""after_clifford1_depolarization"":0.0,""after_clifford2_depolarization"":0,""after_reset_flip_probability"":0,""before_measure_flip_probability"":0,""before_round_data_bias_probability"":[0.0,1],""distance"":5,""exclude_other_basis_detectors"":false,""nswaps"":[3,2],""pswap_depolarization"":0.0,""rounds"":15,""x_distance"":null,""z_distance"":null}}",
         9,         0,         0,   0.000,pymatching,263a3a23ec7b6f9103dda2839faf5fd9dcd8a2e474512996eec7184211a2e742,"{""d"":5,""eta"":1,""memory"":""X"",""p"":0,""params"":{""after_clifford1_depolarization"":0.0,""after_clifford2_depolarization"":0,""after_reset_flip_probability"":0,""before_measure_flip_probability"":0,""before_round_data_bias_probability"":[0.0,1],""distance"":5,""exclude_other_basis_detectors"":false,""nswaps"":[3,2],""pswap_depolarization"":0.0,""rounds"":15,""x_distance"":null,""z_distance"":null}}",
        13,         0,         0,   0.000,pymatching,263a3a23ec7b6f9103dda2839faf5fd9dcd8a2e474512996eec7184211a2e742,"{""d"":5,""eta"":1,""memory"":""X"",""p"":0,""params"":{""after_clifford1_depolarization"":0.0,""after_clifford2_depolarization"":0,""after_reset_flip_probability"":0,""before_measure_flip_probability"":0,""before_round_data_bias_probability"":[0.0,1],""distance"":5,""exclude_other_basis_detectors"":false,""nswaps"":[3,2],""pswap_depolarization"":0.0,""rounds"":15,""x_distance"":null,""z_distance"":null}}",
         7,         0,         0,   0.000,pymatching,263a3a23ec7b6f9103dda2839faf5fd9dcd8a2e474512996eec7184211a2e742,"{""d"":5,""eta"":1,""memory"":""X"",""p"":0,""params"":{""after_clifford1_depolarization"":0.0,""after_clifford2_depolarization"":0,""after_reset_flip_probability"":0,""before_measure_flip_probability"":0,""before_round_data_bias_probability"":[0.0,1],""distance"":5,""exclude_other_basis_detectors"":false,""nswaps"":[3,2],""pswap_depolarization"":0.0,""rounds"":15,""x_distance"":null,""z_distance"":null}}",
         4,         0,         0,   0.000,pymatching,263a3a23ec7b6f9103dda2839faf5fd9dcd8a2e474512996eec7184211a2e742,"{""d"":5,""eta"":1,""memory"":""X"",""p"":0,""params"":{""after_clifford1_depolarization"":0.0,""after_clifford2_depolarization"":0,""after_reset_flip_probability"":0,""before_measure_flip_probability"":0,""before_round_data_bias_probability"":[0.0,1],""distance"":5,""exclude_other_basis_detectors"":false,""nswaps"":[3,2],""pswap_depolarization"":0.0,""rounds"":15,""x_distance"":null,""z_distance"":null}}",
         1,         0,         0,   0.000,pymatching,263a3a23ec7b6f9103dda2839faf5fd9dcd8a2e474512996eec7184211a2e742,"{""d"":5,""eta"":1,""memory"":""X"",""p"":0,""params"":{""after_clifford1_depolarization"":0.0,""after_clifford2_depolarization"":0,""after_reset_flip_probability"":0,""before_measure_flip_probability"":0,""before_round_data_bias_probability"":[0.0,1],""distance"":5,""exclude_other_basis_detectors"":false,""nswaps"":[3,2],""pswap_depolarization"":0.0,""rounds"":15,""x_distance"":null,""z_distance"":null}}",
         2,         0,         0,   0.000,pymatching,263a3a23ec7b6f9103dda2839faf5fd9dcd8a2e474512996eec7184211a2e742,"{""d"":5,""eta"":1,""memory"":""X"",""p"":0,""params"":{""after_clifford1_depolarization"":0.0,""after_clifford2_depolarization"":0,""after_reset_flip_probability"":0,""before_measure_flip_probability"":0,""before_round_data_bias_probability"":[0.0,1],""distance"":5,""exclude_other_basis_detectors"":false,""nswaps"":[3,2],""pswap_depolarization"":0.0,""rounds"":15,""x_distance"":null,""z_distance"":null}}",
    177152,         0,         0,   0.203,pymatching,b992996d50a48e1480a96c1d21ded5c70f144f99b31b4fa270d2026c6aec19ad,"{""d"":5,""eta"":1,""memory"":""Z"",""p"":0,""params"":{""after_clifford1_depolarization"":0.0,""after_clifford2_depolarization"":0,""after_reset_flip_probability"":0,""before_measure_flip_probability"":0,""before_round_data_bias_probability"":[0.0,1],""distance"":5,""exclude_other_basis_detectors"":false,""nswaps"":[3,2],""pswap_depolarization"":0.0,""rounds"":15,""x_distance"":null,""z_distance"":null}}",
    182272,         0,         0,   0.203,pymatching,b992996d50a48e1480a96c1d21ded5c70f144f99b31b4fa270d2026c6aec19ad,"{""d"":5,""eta"":1,""memory"":""Z"",""p"":0,""params"":{""after_clifford1_depolarization"":0.0,""after_clifford2_depolarization"":0,""after_reset_flip_probability"":0,""before_measure_flip_probability"":0,""before_round_data_bias_probability"":[0.0,1],""distance"":5,""exclude_other_basis_detectors"":false,""nswaps"":[3,2],""pswap_depolarization"":0.0,""rounds"":15,""x_distance"":null,""z_distance"":null}}",
    183296,         0,         0,   0.203,pymatching,b992996d50a48e1480a96c1d21ded5c70f144f99b31b4fa270d2026c6aec19ad,"{""d"":5,""eta"":1,""memory"":""Z"",""p"":0,""params"":{""after_clifford1_depolarization"":0.0,""after_clifford2_depolarization"":0,""after_reset_flip_probability"":0,""before_measure_flip_probability"":0,""before_round_data_bias_probability"":[0.0,1],""distance"":5,""exclude_other_basis_detectors"":false,""nswaps"":[3,2],""pswap_depolarization"":0.0,""rounds"":15,""x_distance"":null,""z_distance"":null}}",
      4369,         0,         0,   0.015,pymatching,b992996d50a48e1480a96c1d21ded5c70f144f99b31b4fa270d2026c6aec19ad,"{""d"":5,""eta"":1,""memory"":""Z"",""p"":0,""params"":{""after_clifford1_depolarization"":0.0,""after_clifford2_depolarization"":0,""after_reset_flip_probability"":0,""before_measure_flip_probability"":0,""before_round_data_bias_probability"":[0.0,1],""distance"":5,""exclude_other_basis_detectors"":false,""nswaps"":[3,2],""pswap_depolarization"":0.0,""rounds"":15,""x_distance"":null,""z_distance"":null}}",
      3345,         0,         0,   0.015,pymatching,b992996d50a48e1480a96c1d21ded5c70f144f99b31b4fa270d2026c6aec19ad,"{""d"":5,""eta"":1,""memory"":""Z"",""p"":0,""params"":{""after_clifford1_depolarization"":0.0,""after_clifford2_depolarization"":0,""after_reset_flip_probability"":0,""before_measure_flip_probability"":0,""before_round_data_bias_probability"":[0.0,1],""distance"":5,""exclude_other_basis_detectors"":false,""nswaps"":[3,2],""pswap_depolarization"":0.0,""rounds"":15,""x_distance"":null,""z_distance"":null}}",
      5393,         0,         0,   0.015,pymatching,b992996d50a48e1480a96c1d21ded5c70f144f99b31b4fa270d2026c6aec19ad,"{""d"":5,""eta"":1,""memory"":""Z"",""p"":0,""params"":{""after_clifford1_depolarization"":0.0,""after_clifford2_depolarization"":0,""after_reset_flip_probability"":0,""before_measure_flip_probability"":0,""before_round_data_bias_probability"":[0.0,1],""distance"":5,""exclude_other_basis_detectors"":false,""nswaps"":[3,2],""pswap_depolarization"":0.0,""rounds"":15,""x_distance"":null,""z_distance"":null}}",
     12561,         0,         0,   0.016,pymatching,b992996d50a48e1480a96c1d21ded5c70f144f99b31b4fa270d2026c6aec19ad,"{""d"":5,""eta"":1,""memory"":""Z"",""p"":0,""params"":{""after_clifford1_depolarization"":0.0,""after_clifford2_depolarization"":0,""after_reset_flip_probability"":0,""before_measure_flip_probability"":0,""before_round_data_bias_probability"":[0.0,1],""distance"":5,""exclude_other_basis_detectors"":false,""nswaps"":[3,2],""pswap_depolarization"":0.0,""rounds"":15,""x_distance"":null,""z_distance"":null}}",
     16384,         0,         0,   0.016,pymatching,b992996d50a48e1480a96c1d21ded5c70f144f99b31b4fa270d2026c6aec19ad,"{""d"":5,""eta"":1,""memory"":""Z"",""p"":0,""params"":{""after_clifford1_depolarization"":0.0,""after_clifford2_depolarization"":0,""after_reset_flip_probability"":0,""before_measure_flip_probability"":0,""before_round_data_bias_probability"":[0.0,1],""distance"":5,""exclude_other_basis_detectors"":false,""nswaps"":[3,2],""pswap_depolarization"":0.0,""rounds"":15,""x_distance"":null,""z_distance"":null}}",
     15360,         0,         0,   0.016,pymatching,b992996d50a48e1480a96c1d21ded5c70f144f99b31b4fa270d2026c6aec19ad,"{""d"":5,""eta"":1,""memory"":""Z"",""p"":0,""params"":{""after_clifford1_depolarization"":0.0,""after_clifford2_depolarization"":0,""after_reset_flip_probability"":0,""before_measure_flip_probability"":0,""before_round_data_bias_probability"":[0.0,1],""distance"":5,""exclude_other_basis_detectors"":false,""nswaps"":[3,2],""pswap_depolarization"":0.0,""rounds"":15,""x_distance"":null,""z_distance"":null}}",
     16384,         0,         0,   0.016,pymatching,b992996d50a48e1480a96c1d21ded5c70f144f99b31b4fa270d2026c6aec19ad,"{""d"":5,""eta"":1,""memory"":""Z"",""p"":0,""params"":{""after_clifford1_depolarization"":0.0,""after_clifford2_depolarization"":0,""after_reset_flip_probability"":0,""before_measure_flip_probability"":0,""before_round_data_bias_probability"":[0.0,1],""distance"":5,""exclude_other_basis_detectors"":false,""nswaps"":[3,2],""pswap_depolarization"":0.0,""rounds"":15,""x_distance"":null,""z_distance"":null}}",
      8192,         0,         0,   0.016,pymatching,b992996d50a48e1480a96c1d21ded5c70f144f99b31b4fa270d2026c6aec19ad,"{""d"":5,""eta"":1,""memory"":""Z"",""p"":0,""params"":{""after_clifford1_depolarization"":0.0,""after_clifford2_depolarization"":0,""after_reset_flip_probability"":0,""before_measure_flip_probability"":0,""before_round_data_bias_probability"":[0.0,1],""distance"":5,""exclude_other_basis_detectors"":false,""nswaps"":[3,2],""pswap_depolarization"":0.0,""rounds"":15,""x_distance"":null,""z_distance"":null}}",
     51979,         0,         0,   0.032,pymatching,b992996d50a48e1480a96c1d21ded5c70f144f99b31b4fa270d2026c6aec19ad,"{""d"":5,""eta"":1,""memory"":""Z"",""p"":0,""params"":{""after_clifford1_depolarization"":0.0,""after_clifford2_depolarization"":0,""after_reset_flip_probability"":0,""before_measure_flip_probability"":0,""before_round_data_bias_probability"":[0.0,1],""distance"":5,""exclude_other_basis_detectors"":false,""nswaps"":[3,2],""pswap_depolarization"":0.0,""rounds"":15,""x_distance"":null,""z_distance"":null}}",
     33792,         0,         0,   0.032,pymatching,b992996d50a48e1480a96c1d21ded5c70f144f99b31b4fa270d2026c6aec19ad,"{""d"":5,""eta"":1,""memory"":""Z"",""p"":0,""params"":{""after_clifford1_depolarization"":0.0,""after_clifford2_depolarization"":0,""after_reset_flip_probability"":0,""before_measure_flip_probability"":0,""before_round_data_bias_probability"":[0.0,1],""distance"":5,""exclude_other_basis_detectors"":false,""nswaps"":[3,2],""pswap_depolarization"":0.0,""rounds"":15,""x_distance"":null,""z_distance"":null}}",
     35840,         0,         0,   0.032,pymatching,b992996d50a48e1480a96c1d21ded5c70f144f99b31b4fa270d2026c6aec19ad,"{""d"":5,""eta"":1,""memory"":""Z"",""p"":0,""params"":{""after_clifford1_depolarization"":0.0,""after_clifford2_depolarization"":0,""after_reset_flip_probability"":0,""before_measure_flip_probability"":0,""before_round_data_bias_probability"":[0.0,1],""distance"":5,""exclude_other_basis_detectors"":false,""nswaps"":[3,2],""pswap_depolarization"":0.0,""rounds"":15,""x_distance"":null,""z_distance"":null}}",
     20578,         0,         0,   0.016,pymatching,b992996d50a48e1480a96c1d21ded5c70f144f99b31b4fa270d2026c6aec19ad,"{""d"":5,""eta"":1,""memory"":""Z"",""p"":0,""params"":{""after_clifford1_depolarization"":0.0,""after_clifford2_depolarization"":0,""after_reset_flip_probability"":0,""before_measure_flip_probability"":0,""before_round_data_bias_probability"":[0.0,1],""distance"":5,""exclude_other_basis_detectors"":false,""nswaps"":[3,2],""pswap_depolarization"":0.0,""rounds"":15,""x_distance"":null,""z_distance"":null}}",
     23552,         0,         0,   0.016,pymatching,b992996d50a48e1480a96c1d21ded5c70f144f99b31b4fa270d2026c6aec19ad,"{""d"":5,""eta"":1,""memory"":""Z"",""p"":0,""params"":{""after_clifford1_depolarization"":0.0,""after_clifford2_depolarization"":0,""after_reset_flip_probability"":0,""before_measure_flip_probability"":0,""before_round_data_bias_probability"":[0.0,1],""distance"":5,""exclude_other_basis_detectors"":false,""nswaps"":[3,2],""pswap_depolarization"":0.0,""rounds"":15,""x_distance"":null,""z_distance"":null}}",
     23552,         0,         0,   0.016,pymatching,b992996d50a48e1480a96c1d21ded5c70f144f99b31b4fa270d2026c6aec19ad,"{""d"":5,""eta"":1,""memory"":""Z"",""p"":0,""params"":{""after_clifford1_depolarization"":0.0,""after_clifford2_depolarization"":0,""after_reset_flip_probability"":0,""before_measure_flip_probability"":0,""before_round_data_bias_probability"":[0.0,1],""distance"":5,""exclude_other_basis_detectors"":false,""nswaps"":[3,2],""pswap_depolarization"":0.0,""rounds"":15,""x_distance"":null,""z_distance"":null}}",
     19954,         0,         0,   0.015,pymatching,b992996d50a48e1480a96c1d21ded5c70f144f99b31b4fa270d2026c6aec19ad,"{""d"":5,""eta"":1,""memory"":""Z"",""p"":0,""params"":{""after_clifford1_depolarization"":0.0,""after_clifford2_depolarization"":0,""after_reset_flip_probability"":0,""before_measure_flip_probability"":0,""before_round_data_bias_probability"":[0.0,1],""distance"":5,""exclude_other_basis_detectors"":false,""nswaps"":[3,2],""pswap_depolarization"":0.0,""rounds"":15,""x_distance"":null,""z_distance"":null}}",
      3835,         0,         0,   0.000,pymatching,b992996d50a48e1480a96c1d21ded5c70f144f99b31b4fa270d2026c6aec19ad,"{""d"":5,""eta"":1,""memory"":""Z"",""p"":0,""params"":{""after_clifford1_depolarization"":0.0,""after_clifford2_depolarization"":0,""after_reset_flip_probability"":0,""before_measure_flip_probability"":0,""before_round_data_bias_probability"":[0.0,1],""distance"":5,""exclude_other_basis_detectors"":false,""nswaps"":[3,2],""pswap_depolarization"":0.0,""rounds"":15,""x_distance"":null,""z_distance"":null}}",
      3072,         0,         0,   0.016,pymatching,b992996d50a48e1480a96c1d21ded5c70f144f99b31b4fa270d2026c6aec19ad,"{""d"":5,""eta"":1,""memory"":""Z"",""p"":0,""params"":{""after_clifford1_depolarization"":0.0,""after_clifford2_depolarization"":0,""after_reset_flip_probability"":0,""before_measure_flip_probability"":0,""before_round_data_bias_probability"":[0.0,1],""distance"":5,""exclude_other_basis_detectors"":false,""nswaps"":[3,2],""pswap_depolarization"":0.0,""rounds"":15,""x_distance"":null,""z_distance"":null}}",
      3072,         0,         0,   0.016,pymatching,b992996d50a48e1480a96c1d21ded5c70f144f99b31b4fa270d2026c6aec19ad,"{""d"":5,""eta"":1,""memory"":""Z"",""p"":0,""params"":{""after_clifford1_depolarization"":0.0,""after_clifford2_depolarization"":0,""after_reset_flip_probability"":0,""before_measure_flip_probability"":0,""before_round_data_bias_probability"":[0.0,1],""distance"":5,""exclude_other_basis_detectors"":false,""nswaps"":[3,2],""pswap_depolarization"":0.0,""rounds"":15,""x_distance"":null,""z_distance"":null}}",
      9827,         0,         0,   0.016,pymatching,b992996d50a48e1480a96c1d21ded5c70f144f99b31b4fa270d2026c6aec19ad,"{""d"":5,""eta"":1,""memory"":""Z"",""p"":0,""params"":{""after_clifford1_depolarization"":0.0,""after_clifford2_depolarization"":0,""after_reset_flip_probability"":0,""before_measure_flip_probability"":0,""before_round_data_bias_probability"":[0.0,1],""distance"":5,""exclude_other_basis_detectors"":false,""nswaps"":[3,2],""pswap_depolarization"":0.0,""rounds"":15,""x_distance"":null,""z_distance"":null}}",
      9827,         0,         0,   0.000,pymatching,b992996d50a48e1480a96c1d21ded5c70f144f99b31b4fa270d2026c6aec19ad,"{""d"":5,""eta"":1,""memory"":""Z"",""p"":0,""params"":{""after_clifford1_depolarization"":0.0,""after_clifford2_depolarization"":0,""after_reset_flip_probability"":0,""before_measure_flip_probability"":0,""before_round_data_bias_probability"":[0.0,1],""distance"":5,""exclude_other_basis_detectors"":false,""nswaps"":[3,2],""pswap_depolarization"":0.0,""rounds"":15,""x_distance"":null,""z_distance"":null}}",
      9216,         0,         0,   0.016,pymatching,b992996d50a48e1480a96c1d21ded5c70f144f99b31b4fa270d2026c6aec19ad,"{""d"":5,""eta"":1,""memory"":""Z"",""p"":0,""params"":{""after_clifford1_depolarization"":0.0,""after_clifford2_depolarization"":0,""after_reset_flip_probability"":0,""before_measure_flip_probability"":0,""before_round_data_bias_probability"":[0.0,1],""distance"":5,""exclude_other_basis_detectors"":false,""nswaps"":[3,2],""pswap_depolarization"":0.0,""rounds"":15,""x_distance"":null,""z_distance"":null}}",
      6141,         0,         0,   0.000,pymatching,b992996d50a48e1480a96c1d21ded5c70f144f99b31b4fa270d2026c6aec19ad,"{""d"":5,""eta"":1,""memory"":""Z"",""p"":0,""params"":{""after_clifford1_depolarization"":0.0,""after_clifford2_depolarization"":0,""after_reset_flip_probability"":0,""before_measure_flip_probability"":0,""before_round_data_bias_probability"":[0.0,1],""distance"":5,""exclude_other_basis_detectors"":false,""nswaps"":[3,2],""pswap_depolarization"":0.0,""rounds"":15,""x_distance"":null,""z_distance"":null}}",
      6141,         0,         0,   0.000,pymatching,b992996d50a48e1480a96c1d21ded5c70f144f99b31b4fa270d2026c6aec19ad,"{""d"":5,""eta"":1,""memory"":""Z"",""p"":0,""params"":{""after_clifford1_depolarization"":0.0,""after_clifford2_depolarization"":0,""after_reset_flip_probability"":0,""before_measure_flip_probability"":0,""before_round_data_bias_probability"":[0.0,1],""distance"":5,""exclude_other_basis_detectors"":false,""nswaps"":[3,2],""pswap_depolarization"":0.0,""rounds"":15,""x_distance"":null,""z_distance"":null}}",
      6141,         0,         0,   0.000,pymatching,b992996d50a48e1480a96c1d21ded5c70f144f99b31b4fa270d2026c6aec19ad,"{""d"":5,""eta"":1,""memory"":""Z"",""p"":0,""params"":{""after_clifford1_depolarization"":0.0,""after_clifford2_depolarization"":0,""after_reset_flip_probability"":0,""before_measure_flip_probability"":0,""before_round_data_bias_probability"":[0.0,1],""distance"":5,""exclude_other_basis_detectors"":false,""nswaps"":[3,2],""pswap_depolarization"":0.0,""rounds"":15,""x_distance"":null,""z_distance"":null}}",
      2193,         0,         0,   0.015,pymatching,b992996d50a48e1480a96c1d21ded5c70f144f99b31b4fa270d2026c6aec19ad,"{""d"":5,""eta"":1,""memory"":""Z"",""p"":0,""params"":{""after_clifford1_depolarization"":0.0,""after_clifford2_depolarization"":0,""after_reset_flip_probability"":0,""before_measure_flip_probability"":0,""before_round_data_bias_probability"":[0.0,1],""distance"":5,""exclude_other_basis_detectors"":false,""nswaps"":[3,2],""pswap_depolarization"":0.0,""rounds"":15,""x_distance"":null,""z_distance"":null}}",
      2048,         0,         0,   0.015,pymatching,b992996d50a48e1480a96c1d21ded5c70f144f99b31b4fa270d2026c6aec19ad,"{""d"":5,""eta"":1,""memory"":""Z"",""p"":0,""params"":{""after_clifford1_depolarization"":0.0,""after_clifford2_depolarization"":0,""after_reset_flip_probability"":0,""before_measure_flip_probability"":0,""before_round_data_bias_probability"":[0.0,1],""distance"":5,""exclude_other_basis_detectors"":false,""nswaps"":[3,2],""pswap_depolarization"":0.0,""rounds"":15,""x_distance"":null,""z_distance"":null}}",
      2048,         0,         0,   0.015,pymatching,b992996d50a48e1480a96c1d21ded5c70f144f99b31b4fa270d2026c6aec19ad,"{""d"":5,""eta"":1,""memory"":""Z"",""p"":0,""params"":{""after_clifford1_depolarization"":0.0,""after_clifford2_depolarization"":0,""after_reset_flip_probability"":0,""before_measure_flip_probability"":0,""before_round_data_bias_probability"":[0.0,1],""distance"":5,""exclude_other_basis_detectors"":false,""nswaps"":[3,2],""pswap_depolarization"":0.0,""rounds"":15,""x_distance"":null,""z_distance"":null}}",
      1879,         0,         0,   0.000,pymatching,b992996d50a48e1480a96c1d21ded5c70f144f99b31b4fa270d2026c6aec19ad,"{""d"":5,""eta"":1,""memory"":""Z"",""p"":0,""params"":{""after_clifford1_depolarization"":0.0,""after_clifford2_depolarization"":0,""after_reset_flip_probability"":0,""before_measure_flip_probability"":0,""before_round_data_bias_probability"":[0.0,1],""distance"":5,""exclude_other_basis_detectors"":false,""nswaps"":[3,2],""pswap_depolarization"":0.0,""rounds"":15,""x_distance"":null,""z_distance"":null}}",
      1879,         0,         0,   0.000,pymatching,b992996d50a48e1480a96c1d21ded5c70f144f99b31b4fa270d2026c6aec19ad,"{""d"":5,""eta"":1,""memory"":""Z"",""p"":0,""params"":{""after_clifford1_depolarization"":0.0,""after_clifford2_depolarization"":0,""after_reset_flip_probability"":0,""before_measure_flip_probability"":0,""before_round_data_bias_probability"":[0.0,1],""distance"":5,""exclude_other_basis_detectors"":false,""nswaps"":[3,2],""pswap_depolarization"":0.0,""rounds"":15,""x_distance"":null,""z_distance"":null}}",
      1879,         0,         0,   0.000,pymatching,b992996d50a48e1480a96c1d21ded5c70f144f99b31b4fa270d2026c6aec19ad,"{""d"":5,""eta"":1,""memory"":""Z"",""p"":0,""params"":{""after_clifford1_depolarization"":0.0,""after_clifford2_depolarization"":0,""after_reset_flip_probability"":0,""before_measure_flip_probability"":0,""before_round_data_bias_probability"":[0.0,1],""distance"":5,""exclude_other_basis_detectors"":false,""nswaps"":[3,2],""pswap_depolarization"":0.0,""rounds"":15,""x_distance"":null,""z_distance"":null}}",
      1879,         0,         0,   0.000,pymatching,b992996d50a48e1480a96c1d21ded5c70f144f99b31b4fa270d2026c6aec19ad,"{""d"":5,""eta"":1,""memory"":""Z"",""p"":0,""params"":{""after_clifford1_depolarization"":0.0,""after_clifford2_depolarization"":0,""after_reset_flip_probability"":0,""before_measure_flip_probability"":0,""before_round_data_bias_probability"":[0.0,1],""distance"":5,""exclude_other_basis_detectors"":false,""nswaps"":[3,2],""pswap_depolarization"":0.0,""rounds"":15,""x_distance"":null,""z_distance"":null}}",
       221,         0,         0,   0.000,pymatching,b992996d50a48e1480a96c1d21ded5c70f144f99b31b4fa270d2026c6aec19ad,"{""d"":5,""eta"":1,""memory"":""Z"",""p"":0,""params"":{""after_clifford1_depolarization"":0.0,""after_clifford2_depolarization"":0,""after_reset_flip_probability"":0,""before_measure_flip_probability"":0,""before_round_data_bias_probability"":[0.0,1],""distance"":5,""exclude_other_basis_detectors"":false,""nswaps"":[3,2],""pswap_depolarization"":0.0,""rounds"":15,""x_distance"":null,""z_distance"":null}}",
       221,         0,         0,   0.000,pymatching,b992996d50a48e1480a96c1d21ded5c70f144f99b31b4fa270d2026c6aec19ad,"{""d"":5,""eta"":1,""memory"":""Z"",""p"":0,""params"":{""after_clifford1_depolarization"":0.0,""after_clifford2_depolarization"":0,""after_reset_flip_probability"":0,""before_measure_flip_probability"":0,""before_round_data_bias_probability"":[0.0,1],""distance"":5,""exclude_other_basis_detectors"":false,""nswaps"":[3,2],""pswap_depolarization"":0.0,""rounds"":15,""x_distance"":null,""z_distance"":null}}",
       221,         0,         0,   0.000,pymatching,b992996d50a48e1480a96c1d21ded5c70f144f99b31b4fa270d2026c6aec19ad,"{""d"":5,""eta"":1,""memory"":""Z"",""p"":0,""params"":{""after_clifford1_depolarization"":0.0,""after_clifford2_depolarization"":0,""after_reset_flip_probability"":0,""before_measure_flip_probability"":0,""before_round_data_bias_probability"":[0.0,1],""distance"":5,""exclude_other_basis_detectors"":false,""nswaps"":[3,2],""pswap_depolarization"":0.0,""rounds"":15,""x_distance"":null,""z_distance"":null}}",
       221,         0,         0,   0.000,pymatching,b992996d50a48e1480a96c1d21ded5c70f144f99b31b4fa270d2026c6aec19ad,"{""d"":5,""eta"":1,""memory"":""Z"",""p"":0,""params"":{""after_clifford1_depolarization"":0.0,""after_clifford2_depolarization"":0,""after_reset_flip_probability"":0,""before_measure_flip_probability"":0,""before_round_data_bias_probability"":[0.0,1],""distance"":5,""exclude_other_basis_detectors"":false,""nswaps"":[3,2],""pswap_depolarization"":0.0,""rounds"":15,""x_distance"":null,""z_distance"":null}}",
        88,         0,         0,   0.000,pymatching,b992996d50a48e1480a96c1d21ded5c70f144f99b31b4fa270d2026c6aec19ad,"{""d"":5,""eta"":1,""memory"":""Z"",""p"":0,""params"":{""after_clifford1_depolarization"":0.0,""after_clifford2_depolarization"":0,""after_reset_flip_probability"":0,""before_measure_flip_probability"":0,""before_round_data_bias_probability"":[0.0,1],""distance"":5,""exclude_other_basis_detectors"":false,""nswaps"":[3,2],""pswap_depolarization"":0.0,""rounds"":15,""x_distance"":null,""z_distance"":null}}",
       157,         0,         0,   0.000,pymatching,b992996d50a48e1480a96c1d21ded5c70f144f99b31b4fa270d2026c6aec19ad,"{""d"":5,""eta"":1,""memory"":""Z"",""p"":0,""params"":{""after_clifford1_depolarization"":0.0,""after_clifford2_depolarization"":0,""after_reset_flip_probability"":0,""before_measure_flip_probability"":0,""before_round_data_bias_probability"":[0.0,1],""distance"":5,""exclude_other_basis_detectors"":false,""nswaps"":[3,2],""pswap_depolarization"":0.0,""rounds"":15,""x_distance"":null,""z_distance"":null}}",
       126,         0,         0,   0.000,pymatching,b992996d50a48e1480a96c1d21ded5c70f144f99b31b4fa270d2026c6aec19ad,"{""d"":5,""eta"":1,""memory"":""Z"",""p"":0,""params"":{""after_clifford1_depolarization"":0.0,""after_clifford2_depolarization"":0,""after_reset_flip_probability"":0,""before_measure_flip_probability"":0,""before_round_data_bias_probability"":[0.0,1],""distance"":5,""exclude_other_basis_detectors"":false,""nswaps"":[3,2],""pswap_depolarization"":0.0,""rounds"":15,""x_distance"":null,""z_distance"":null}}",
        59,         0,         0,   0.000,pymatching,b992996d50a48e1480a96c1d21ded5c70f144f99b31b4fa270d2026c6aec19ad,"{""d"":5,""eta"":1,""memory"":""Z"",""p"":0,""params"":{""after_clifford1_depolarization"":0.0,""after_clifford2_depolarization"":0,""after_reset_flip_probability"":0,""before_measure_flip_probability"":0,""before_round_data_bias_probability"":[0.0,1],""distance"":5,""exclude_other_basis_detectors"":false,""nswaps"":[3,2],""pswap_depolarization"":0.0,""rounds"":15,""x_distance"":null,""z_distance"":null}}",
       126,         0,         0,   0.000,pymatching,b992996d50a48e1480a96c1d21ded5c70f144f99b31b4fa270d2026c6aec19ad,"{""d"":5,""eta"":1,""memory"":""Z"",""p"":0,""params"":{""after_clifford1_depolarization"":0.0,""after_clifford2_depolarization"":0,""after_reset_flip_probability"":0,""before_measure_flip_probability"":0,""before_round_data_bias_probability"":[0.0,1],""distance"":5,""exclude_other_basis_detectors"":false,""nswaps"":[3,2],""pswap_depolarization"":0.0,""rounds"":15,""x_distance"":null,""z_distance"":null}}",
        15,         0,         0,   0.000,pymatching,b992996d50a48e1480a96c1d21ded5c70f144f99b31b4fa270d2026c6aec19ad,"{""d"":5,""eta"":1,""memory"":""Z"",""p"":0,""params"":{""after_clifford1_depolarization"":0.0,""after_clifford2_depolarization"":0,""after_reset_flip_probability"":0,""before_measure_flip_probability"":0,""before_round_data_bias_probability"":[0.0,1],""distance"":5,""exclude_other_basis_detectors"":false,""nswaps"":[3,2],""pswap_depolarization"":0.0,""rounds"":15,""x_distance"":null,""z_distance"":null}}",
        15,         0,         0,   0.000,pymatching,b992996d50a48e1480a96c1d21ded5c70f144f99b31b4fa270d2026c6aec19ad,"{""d"":5,""eta"":1,""memory"":""Z"",""p"":0,""params"":{""after_clifford1_depolarization"":0.0,""after_clifford2_depolarization"":0,""after_reset_flip_probability"":0,""before_measure_flip_probability"":0,""before_round_data_bias_probability"":[0.0,1],""distance"":5,""exclude_other_basis_detectors"":false,""nswaps"":[3,2],""pswap_depolarization"":0.0,""rounds"":15,""x_distance"":null,""z_distance"":null}}",
        15,         0,         0,   0.000,pymatching,b992996d50a48e1480a96c1d21ded5c70f144f99b31b4fa270d2026c6aec19ad,"{""d"":5,""eta"":1,""memory"":""Z"",""p"":0,""params"":{""after_clifford1_depolarization"":0.0,""after_clifford2_depolarization"":0,""after_reset_flip_probability"":0,""before_measure_flip_probability"":0,""before_round_data_bias_probability"":[0.0,1],""distance"":5,""exclude_other_basis_detectors"":false,""nswaps"":[3,2],""pswap_depolarization"":0.0,""rounds"":15,""x_distance"":null,""z_distance"":null}}",
        31,         0,         0,   0.000,pymatching,b992996d50a48e1480a96c1d21ded5c70f144f99b31b4fa270d2026c6aec19ad,"{""d"":5,""eta"":1,""memory"":""Z"",""p"":0,""params"":{""after_clifford1_depolarization"":0.0,""after_clifford2_depolarization"":0,""after_reset_flip_probability"":0,""before_measure_flip_probability"":0,""before_round_data_bias_probability"":[0.0,1],""distance"":5,""exclude_other_basis_detectors"":false,""nswaps"":[3,2],""pswap_depolarization"":0.0,""rounds"":15,""x_distance"":null,""z_distance"":null}}",
        15,         0,         0,   0.000,pymatching,b992996d50a48e1480a96c1d21ded5c70f144f99b31b4fa270d2026c6aec19ad,"{""d"":5,""eta"":1,""memory"":""Z"",""p"":0,""params"":{""after_clifford1_depolarization"":0.0,""after_clifford2_depolarization"":0,""after_reset_flip_probability"":0,""before_measure_flip_probability"":0,""before_round_data_bias_probability"":[0.0,1],""distance"":5,""exclude_other_basis_detectors"":false,""nswaps"":[3,2],""pswap_depolarization"":0.0,""rounds"":15,""x_distance"":null,""z_distance"":null}}",
         2,         0,         0,   0.000,pymatching,b992996d50a48e1480a96c1d21ded5c70f144f99b31b4fa270d2026c6aec19ad,"{""d"":5,""eta"":1,""memory"":""Z"",""p"":0,""params"":{""after_clifford1_depolarization"":0.0,""after_clifford2_depolarization"":0,""after_reset_flip_probability"":0,""before_measure_flip_probability"":0,""before_round_data_bias_probability"":[0.0,1],""distance"":5,""exclude_other_basis_detectors"":false,""nswaps"":[3,2],""pswap_depolarization"":0.0,""rounds"":15,""x_distance"":null,""z_distance"":null}}",
         1,         0,         0,   0.000,pymatching,b992996d50a48e1480a96c1d21ded5c70f144f99b31b4fa270d2026c6aec19ad,"{""d"":5,""eta"":1,""memory"":""Z"",""p"":0,""params"":{""after_clifford1_depolarization"":0.0,""after_clifford2_depolarization"":0,""after_reset_flip_probability"":0,""before_measure_flip_probability"":0,""before_round_data_bias_probability"":[0.0,1],""distance"":5,""exclude_other_basis_detectors"":false,""nswaps"":[3,2],""pswap_depolarization"":0.0,""rounds"":15,""x_distance"":null,""z_distance"":null}}",
         7,         0,         0,   0.000,pymatching,b992996d50a48e1480a96c1d21ded5c70f144f99b31b4fa270d2026c6aec19ad,"{""d"":5,""eta"":1,""memory"":""Z"",""p"":0,""params"":{""after_clifford1_depolarization"":0.0,""after_clifford2_depolarization"":0,""after_reset_flip_probability"":0,""before_measure_flip_probability"":0,""before_round_data_bias_probability"":[0.0,1],""distance"":5,""exclude_other_basis_detectors"":false,""nswaps"":[3,2],""pswap_depolarization"":0.0,""rounds"":15,""x_distance"":null,""z_distance"":null}}",
